{
  "iterations": 500,
  "base_seed": 20260329,
  "n_robots": 120,
  "shift_hours": 12.0,
  "enable_predebug": false,
  "output_dir": "/home/flydream/VsCodeprojection/codex/result/model_2",
  "overall_average_model_deviation": 0.1324402114873131,
  "overall_raw_average_model_deviation": 6599385.1878755605,
  "overall_max_model_deviation": 9009009009.009008,
  "reportable_error_baseline_threshold": 0.001,
  "problems": {
    "Problem 1": {
      "average_relative_error": 7.661422949028995e-18,
      "raw_average_relative_error": 7.661422949028995e-18,
      "max_relative_error": 3.419208350286806e-16,
      "metric_count": 4,
      "reportable_error_baseline_threshold": 0.001,
      "metrics": {
        "P_out": {
          "display_name": "Overall pass probability",
          "original": {
            "mean": 0.9952022674742835,
            "std": 0.0005248794756320166,
            "variance": 2.754984639397408e-07,
            "ci95_low": 0.9951562597597332,
            "ci95_high": 0.9952482751888339
          },
          "refactored": {
            "mean": 0.9952022674742835,
            "std": 0.0005248794756320166,
            "variance": 2.754984639397408e-07,
            "ci95_low": 0.9951562597597332,
            "ci95_high": 0.9952482751888339
          },
          "absolute_difference": {
            "mean": 0.0,
            "std": 0.0,
            "variance": 0.0,
            "ci95_low": 0.0,
            "ci95_high": 0.0
          },
          "relative_error": {
            "mean": 0.0,
            "std": 0.0,
            "variance": 0.0,
            "ci95_low": 0.0,
            "ci95_high": 0.0
          }
        },
        "P_E": {
          "display_name": "Stage E pass probability",
          "original": {
            "mean": 0.9997822788921652,
            "std": 4.638841421881646e-05,
            "variance": 2.151884973736493e-09,
            "ci95_low": 0.9997782127683807,
            "ci95_high": 0.9997863450159497
          },
          "refactored": {
            "mean": 0.9997822788921652,
            "std": 4.638841421881646e-05,
            "variance": 2.151884973736493e-09,
            "ci95_low": 0.9997782127683807,
            "ci95_high": 0.9997863450159497
          },
          "absolute_difference": {
            "mean": 0.0,
            "std": 0.0,
            "variance": 0.0,
            "ci95_low": 0.0,
            "ci95_high": 0.0
          },
          "relative_error": {
            "mean": 0.0,
            "std": 0.0,
            "variance": 0.0,
            "ci95_low": 0.0,
            "ci95_high": 0.0
          }
        },
        "P_G": {
          "display_name": "Hidden defect pool probability",
          "original": {
            "mean": 0.002701132367311486,
            "std": 0.00025460304310795964,
            "variance": 6.482270955983356e-08,
            "ci95_low": 0.002678815426614112,
            "ci95_high": 0.0027234493080088604
          },
          "refactored": {
            "mean": 0.002701132367311486,
            "std": 0.00025460304310795964,
            "variance": 6.482270955983356e-08,
            "ci95_low": 0.002678815426614112,
            "ci95_high": 0.0027234493080088604
          },
          "absolute_difference": {
            "mean": 0.0,
            "std": 0.0,
            "variance": 0.0,
            "ci95_low": 0.0,
            "ci95_high": 0.0
          },
          "relative_error": {
            "mean": 0.0,
            "std": 0.0,
            "variance": 0.0,
            "ci95_low": 0.0,
            "ci95_high": 0.0
          }
        },
        "E_T_all": {
          "display_name": "Expected total processing time (h)",
          "original": {
            "mean": 10.576719981150795,
            "std": 0.24753095221943783,
            "variance": 0.061271572306661616,
            "ci95_low": 10.555022936551437,
            "ci95_high": 10.598417025750154
          },
          "refactored": {
            "mean": 10.576719981150795,
            "std": 0.2475309522194378,
            "variance": 0.0612715723066616,
            "ci95_low": 10.555022936551437,
            "ci95_high": 10.598417025750154
          },
          "absolute_difference": {
            "mean": 3.232969447708456e-16,
            "std": 7.307164909187527e-16,
            "variance": 5.339465901006156e-31,
            "ci95_low": 2.592468203286476e-16,
            "ci95_high": 3.8734706921304356e-16
          },
          "relative_error": {
            "mean": 3.064569179611598e-17,
            "std": 6.920688079994282e-17,
            "variance": 4.789592350057494e-33,
            "ci95_low": 2.4579441228923614e-17,
            "ci95_high": 3.671194236330835e-17
          }
        }
      }
    },
    "Problem 2": {
      "average_relative_error": 0.18906006543092818,
      "raw_average_relative_error": 11749957.11739211,
      "max_relative_error": 9009009009.009008,
      "metric_count": 6,
      "reportable_error_baseline_threshold": 0.001,
      "metrics": {
        "makespan_days": {
          "display_name": "Makespan (days)",
          "original": {
            "mean": 59.96127285404867,
            "std": 0.7316834452579122,
            "variance": 0.5353606640644881,
            "ci95_low": 59.897137972321644,
            "ci95_high": 60.0254077357757
          },
          "refactored": {
            "mean": 59.728812033607,
            "std": 0.6680916369931826,
            "variance": 0.44634643542023045,
            "ci95_low": 59.67025121963878,
            "ci95_high": 59.78737284757522
          },
          "absolute_difference": {
            "mean": 0.49428709551290695,
            "std": 0.491494605675075,
            "variance": 0.2415669474076975,
            "ci95_low": 0.45120569383744125,
            "ci95_high": 0.5373684971883727
          },
          "relative_error": {
            "mean": 0.008218963446567652,
            "std": 0.008131481928932245,
            "variance": 6.612099836055167e-05,
            "ci95_low": 0.00750620762961223,
            "ci95_high": 0.008931719263523073
          }
        },
        "qualified_count": {
          "display_name": "Qualified robots",
          "original": {
            "mean": 110.988,
            "std": 2.952505813908302,
            "variance": 8.717290581162324,
            "ci95_low": 110.7292014548086,
            "ci95_high": 111.2467985451914
          },
          "refactored": {
            "mean": 110.964,
            "std": 2.9766465778959046,
            "variance": 8.860424849699399,
            "ci95_low": 110.70308542354783,
            "ci95_high": 111.22491457645216
          },
          "absolute_difference": {
            "mean": 0.144,
            "std": 0.35709807907093577,
            "variance": 0.1275190380761523,
            "ci95_low": 0.11269897328606146,
            "ci95_high": 0.17530102671393852
          },
          "relative_error": {
            "mean": 0.0012973390393480545,
            "std": 0.0032184082912517227,
            "variance": 1.0358151929197833e-05,
            "ci95_low": 0.001015233114379413,
            "ci95_high": 0.001579444964316696
          }
        },
        "omission_probability": {
          "display_name": "Omission probability",
          "original": {
            "mean": 5.34134007585335e-05,
            "std": 0.0006881868194840692,
            "variance": 4.736010985115988e-07,
            "ci95_low": -6.908833617228105e-06,
            "ci95_high": 0.0001137356351342951
          },
          "refactored": {
            "mean": 7.049974175791798e-05,
            "std": 0.0007859239336687606,
            "variance": 6.176764295133784e-07,
            "ci95_low": 1.6104715974845133e-06,
            "ci95_high": 0.00013938901191835144
          },
          "absolute_difference": {
            "mean": 0.00012391314251645148,
            "std": 0.0010410240983742603,
            "variance": 1.0837311733959415e-06,